Protein or Fragment,Amino Acid Sequence,Experimental Aggregation Behavior
tau_K19,PGGGKVQIVYKPV,+
tau_K19d,PGGGKVYKPV,-
tau_Mut1,PGGGKNAEVYKPV,-
tau_Mut2,PGGGKVQIVEKPV,-
tau_K19Chym,QTAPVPMPDLKNVKSKIGSTENLKHQPGGGKVQIVY,-
tau_K19Chym1,KPVDLSKVTSKCGSLGNIHHKPGGGQVEVKSEKLDF,-
tau_K19Chym2,KDRVQSKIGSLDNITHVPGGGN,-
tau_K19Gluc4,QTAPVPMPDLKNVKSKIGSTE,-
tau_K19Gluc41,NLKHQPGGGKVQIVYKPVDLSKVTSKCGSLGNIHHKPGGGQVE,+
tau_K19Gluc42,VKSE,-
tau_K19Gluc43,KLDFKDRVQSKIGSLDNITHVPGGGN,-
tau_K19Gluc78,QTAPVPMPD,-
tau_K19Gluc781,LKNVKSKIGSTE,-
tau_K19Gluc782,NLKHQPGGGKVQIVYKEVD,+
tau_K19Gluc783,LSKVTSKCGSLGNIHHKPGGGQVE,-
tau_K19Gluc784,VKSEKLDFKDRVQSKIGSLDNITHVPGGGN,-
tau_PHF8,GKVQIVYK,+
tau_PHF6,VQIVYK,+
tau_V313-K321,VDLSKVTSK,-
tau_V318-G335,VTSKCGSLGNIHHKPGGG,-
tau_V335-E342,GQVEVSKE,-
ABeta_Whole,DAEFRHDSGYEVHHQKLVFFAEDVGSNKGAIIGLMVGGVV,+
ABeta_HABP1,VPHQKLVFFAEDVGS,+
ABeta_HABP2,VHPQKLVFFAEDVGS,+
ABeta_HABP3,VHHPKLVFFAEDVGS,+
ABeta_HABP4,VHHQPLVFFAEDVGS,+
ABeta_HABP5,KKPVFFAED,-
ABeta_HABP6,KKLPFFAED,-
ABeta_HABP7,KKLVPFAED,-
ABeta_HABP8,VHHQKLVPFAEDVGS,-
ABeta_HABP9,KKLVFPAED,-
ABeta_HABP10,KKLVFFPED,+
ABeta_HABP11,VHHQEKLVFFAPDVGS,-
ABeta_HABP12,VHHQEKLVFFAEPVGS,+
ABeta_HABP13,VHHQEKLVFFAEDPGS,+
ABeta_HABP14,VHHQEKLVFFAEDVPS,+
ABeta_HABP15,KKLVFFAED,+
ABeta_HABP16,VHHQKLVFFAEDVGS,+
ABeta_AB1,KLVFF,-
ABeta_AB2,QKLVFFA,-
ABeta_AB3,HQKLVFFAE,-
ABeta_AB4,HHQKLVFFAED,+
ABeta_AB5,VHHQKLVFFAEDV,+
ABeta_AB6,EVHHQKLVFFAEDVG,+
ABeta_AB7,YEVHHQKLVFFAEDVGS,+
ABeta_AB8,GYEVHHQKLVFFAEDVGSN,+
ABeta_AB9,SGYEVHHQKLVFFAEDVGSNK,+
ABeta_AB10,DSGYEVHHQKLVFFAEDVGSNKG,+
ABeta_AB11,HDSGYEVHHQKLVFFAEDVGSNKGA,+
alphasynuclein_NAC1-18,EQVTNVGGAVVTGVTAVA,+
alphasynuclein_NAC1-18s,TVNGVGEVTATAVQGVAV,+
alphasynuclein_NAC3-18,VTNVGGAVVTGVTAVA,+
alphasynuclein_NAC1-13,EQVTNVGGAVVTG,+
alphasynuclein_NAC6-14,VGGAVVTGV,+
acylphosphatase_1-17,STAQSLKSVDYEVFGRV,-
acylphosphatase_18-33,QGVSFRMYTEDEARKI,-
acylphosphatase_34-53,GVVGWVKNTSKGTVTGQVQG,+
acylphosphatase_54-68,PEDKVNSMKSWLSKV,-
acylphosphatase_69-85,GSPSSRIDRTNFSNEKT,-
acylphosphatase_86-98,ISKLEYSNFSVRY,+
Bmicroglobulin_A,IQRTPKIQVYSRHPAE,-
Bmicroglobulin_B,NGKSNFLNCYVSG,-
Bmicroglobulin_C,FHPSDIEVDLLK,-
Bmicroglobulin_D,NGERIEKVEHSDLSFSKD,-
Bmicroglobulin_E,DWSFYLLYYTEFT,+
Bmicroglobulin_E1,DWSFYLLYYTEFTPTGKDEYA,+
Bmicroglobulin_F,PTGKDEYACRVNHVT,-
Bmicroglobulin_G,LSQPKIVKWDRDM,-
434crorepressor_1Cro,MQTLSERLKKRRIALKY,-
434crorepressor_2Cro,YKMTQTELATKAGVK,-
434crorepressor_3Cro,YKQQSIQLIEAGVTKR,-
434crorepressor_4Cro,TKRPRFLYEIAMALNSD,+
434crorepressor_5Cro,AMALNCDPVWLQYGTKRGKA,-
spermWhaleMyoglobin_A-Helix,VLSEGEWQLVLHVWAKVEA,+
spermWhaleMyoglobin_AB-Domain,EGEWQLVLHVWAKVEADVAGHGQDILIRLFK,+
spermWhaleMyoglobin_B-Helix,DVAGHGQDILIRLFKS,+
spermWhaleMyoglobin_BC-Turn,KSHPET,-
spermWhaleMyoglobin_CCD-Domai,HPETLEKFDRFKHLK,-
spermWhaleMyoglobin_D-Helix,TEAEMKA,-
spermWhaleMyoglobin_E-Helix,SEDLKKHGVTVLTALGAILK,-
spermWhaleMyoglobin_EF-Turn,KKGHHEAE,-
spermWhaleMyoglobin_F-helix,ELKPLAQSHA,-
spermWhaleMyoglobin_FG-Turn,ATKHKIP,-
myohemerithrin_N-terminal,GWEIPEPYVWDESFRVFY,-
myohemerithrin_C-terminal,GTDFKYKGKL,-
myohemerithrin_ABloop,RDNSA,-
myohemerithrin_Bhelix,SAPNLATLVKVTTNHFTHEEAMMD,+
myohemerithrin_BCloop,DAAKYSEV,-
myohemerithrin_CHelix,EVVPHKKMHKDFLEKIGGL,+
myohemerithrin_CDloop,GLSAPVD,-
myohemerithrin_Dhelix,AKNVDYCKEWLVNHIK,-
frenchbeanPlastocyanin_Pc-1,LEVLLGSG,-
frenchbeanPlastocyanin_Pc-2,LEVLLGSGDGSLVFV,+
frenchbeanPlastocyanin_Pc-2a,SGDGSL,-
frenchbeanPlastocyanin_Pc-3,SLVFVPSEFS,-
frenchbeanPlastocyanin_Pc-4,SEFSV,-
frenchbeanPlastocyanin_Pc-5,SEFSVPSGEK,-
frenchbeanPlastocyanin_Pc-6,KIVFKNNA,-
frenchbeanPlastocyanin_Pc-6a,GEKIVFKNNAGFPHNVVFDE,+
frenchbeanPlastocyanin_Pc-7,KIVFKNNAGFPH,-
frenchbeanPlastocyanin_Pc-8,KNNAGFPHNV,-
frenchbeanPlastocyanin_Pc-9,PHNVVFDEDDEIP,-
frenchbeanPlastocyanin_Pc-10,IPAGVDAVKISM,+
frenchbeanPlastocyanin_Pc-10a,EIPAGV,-
frenchbeanPlastocyanin_Pc-10b,DAVKIS,-
frenchbeanPlastocyanin_Pc-11,MPEEELL,-
frenchbeanPlastocyanin_Pc-12,MPEEELLNAPGETYVVTL,+
frenchbeanPlastocyanin_Pc-13,ELLNAPGETY,-
frenchbeanPlastocyanin_Pc-13a,NAPGETY,-
frenchbeanPlastocyanin_Pc-13b,APGET,-
frenchbeanPlastocyanin_Pc-14,GETYVVTL,+
frenchbeanPlastocyanin_Pc-14a,ETYVVT,-
frenchbeanPlastocyanin_Pc-15,VTLDTKGTY,-
frenchbeanPlastocyanin_Pc-16,GTYSFYT,+
frenchbeanPlastocyanin_Pc-16a,TYSFYC,-
frenchbeanPlastocyanin_Pc-17,YTSPHQGAGMV,-
frenchbeanPlastocyanin_Pc-18,MVGKVTVN,-
frenchbeanPlastocyanin_Pc-19,GTVSFVTSPHQGAGMVGKVTVN,+
BPTI_P1-15,RPDFSLEPPYTGPSK,-
BPTI_P29-44,LSQTFVYGGSRAKRNN,+
BPTI_P13-21,PSKARIIRY,-
BPTI_P41-51,KRNNFKSAEDS,-
BPTI_P16-28,ARIIRYFYNAKAG,-
BPTI_P24-32,NAKAGLSQT,-
ribosomalL9_Beta1,MKVIFLKDVKG,+
ribosomalL9_Beta2,KGKKGEIKNVAD,-
ribosomalL9_Alpha1,GYANNFLFKQG,+
ribosomalL9_Beta3,LAIEATPA,-
ribosomalL9_Alpha2,TPANLKALEAQKQKEQR,-
glutex_Alpha4,DQKEAALVDMVNDGVEDLRCKYATLIYT,-
glutex_Alpha5,YEAGKEKYVKELPEHLKPFETLLSQ,-
glutex_Alpha6,QISFADYNLLDLLRIHQVLN,+
glutex_Alpha7,PLLSAYVARLSA,-
glutex_Alpha8,PKIKAFLA,-
spectrin_M2,AYVKKLDSGTGKELVLAL,-
spectrin_M4,YDYQEKSPREVTMKKGD,-
spectrin_M8,DILTLLNSTNKDWWKVEVND,+
spectrin_MC,GGKDWWKVGG,-
spectrin_M6,DWWKVEVNDRQGFVPA,+
Ada2h_H1Wt,VPSNEEQIKNLLQLEAQEHLQY,-
Ada2h_H1Mt,VPSNEEQIKKLLELEAKKHLQY,-
Ada2h_H2WT,FVNVQAVKVFLESQGIAY,+
Ada2h_H2Mt,FVNVEAVKAFLEAHGIAY,+
Ara1,AVGKSNLLSRYARNEFSA,-
Ara2,RFRAVTSAYYRGAVG,-
Ara3,TRRTTFESVGRWLDELKIHSD,-
Ara4,AVSVEEGKALAEEEGLF,-
Ara5,STNVKTAFEMVILDIYNNV,+
ComA1,DHPAVMEGTKTILETDSNLS,-
ComA2,EPSEQFIKQHDFSSY,-
ComA3,VNGMELSKQILQENPH,-
ComA4,EVEDYFEEAIRAGLH,-
ComA5,TESKEKITQYIYHVLNGEIL,+
CheY1,DFSTMRRIVRNLLKELGYN,-
CheY2,EDGVDALNKLQAGGY,-
CheY3,MDGLELLKTIRADSAY,-
CheY4,AKKENIIAAAQAGASGY,+
CheY5,PFTAATLEEKLNKIFEKLGMY,+
FXN1,GTGNTEKMAELIAKGIIESGKDY,-
FXN3,EESEFEPFIEEISTKISY,-
FXN4,GDGKWMRDFEQRMNGYGSV,-
FXN5,EPDEAEQDSIEFGKKIANIY,-
P21A,GVGKSALTIQLIQNHFVY,+
P21B,EYSAMRDQYMRTGEG,-
P21C,INNTKSFEDIHQYREQIKRVKDS,-
P21D,ARTVESRQAQDLARSYGIP,-
P21E,RQGVEDAFYTLVREIRQHK,+
PLB1_95,VTIKANLIFANGFTQTAEFKG,+
PLB1_114,KGTFEKATSEAYAYADTLKKDNGEY,+
PLB1_136,GEYTVDVADKGYTLNIKFAGD,+
ProteinG2-19,TYKLINGKTLKGETTTEA,-
ProteinG21-40,GDAATAEKVFKQYANDNGVD,-
ProteinG41-56,GEWTYDDATKTFTVTE,+
